247,a
475,a
749,a
1074,a
1077,a
1093,a
1460,a
1670,a
2704,a
2807,a
2853,a
2977,a
3662,a
4581,a
4694,a
4700,a
4803,a
4804,a
4887,a
4985,a
5173,a
5276,a
5613,a
5616,a
5726,a
5904,a
5964,a
5966,a
6008,a
6642,a
6783,a
6858,a
6980,a
7125,a
7367,a
7422,a
7831,a
8124,a
8209,a
8320,a
8594,a
8700,a
8762,a
9184,a
9816,a
10048,a
10083,a
10111,a
10262,a
10358,a
10790,a
11049,a
11091,a
11507,a
11596,a
11660,a
12094,a
12260,a
12291,a
12491,a
12602,a
13193,a
13284,a
13321,a
13940,a
13959,a
13990,a
14131,a
14466,a
14938,a
15030,a
15046,a
15099,a
15166,a
15789,a
15854,a
16053,a
16725,a
16757,a
16797,a
17142,a
17224,a
17421,a
18071,a
18166,a
18186,a
18364,a
18765,a
18909,a
19643,a
19657,a
20377,a
20858,a
21387,a
21551,a
21785,a
21983,a
22187,a
22439,a
23165,a
23245,a
23267,a
23311,a
23626,a
24520,a
28508,a
44758,a
52699,a
87560,a
52,b
62,b
104,b
494,b
608,b
1302,b
1377,b
1441,b
1601,b
1658,b
1743,b
1851,b
1877,b
1884,b
2439,b
2464,b
2653,b
2658,b
2983,b
3387,b
3950,b
4491,b
4514,b
4717,b
4858,b
4900,b
5519,b
5586,b
5782,b
5823,b
6180,b
6193,b
6309,b
6384,b
6431,b
6456,b
6487,b
6607,b
6646,b
6836,b
6966,b
7243,b
7268,b
7426,b
7727,b
8177,b
8281,b
8634,b
9010,b
9027,b
9088,b
9145,b
9167,b
9187,b
9586,b
9857,b
9888,b
9915,b
9997,b
10644,b
10685,b
10745,b
10761,b
10892,b
10979,b
11040,b
11090,b
11630,b
11649,b
11714,b
11754,b
11854,b
12021,b
12267,b
12389,b
12496,b
12700,b
12922,b
13027,b
13165,b
13245,b
13267,b
13278,b
13345,b
13712,b
14369,b
14854,b
15090,b
15532,b
15598,b
15844,b
15986,b
16033,b
16127,b
16185,b
16194,b
16276,b
16422,b
16876,b
17328,b
17359,b
17496,b
17596,b
17696,b
17754,b
18114,b
18206,b
18287,b
18375,b
18428,b
18585,b
18598,b
18869,b
18952,b
18970,b
19150,b
19167,b
19228,b
19441,b
19499,b
19508,b
19895,b
20473,b
21361,b
21817,b
21960,b
22368,b
22989,b
23207,b
23350,b
23377,b
23508,b
23557,b
24312,b
24432,b
25914,b
27194,b
29919,b
50004,b
52364,b
72191,b
6,c
15,c
509,c
598,c
659,c
1029,c
1368,c
1380,c
1591,c
1842,c
1898,c
1992,c
2004,c
2097,c
2561,c
2627,c
2821,c
2890,c
2941,c
2944,c
2958,c
3008,c
3075,c
3188,c
3298,c
3371,c
3408,c
3561,c
3647,c
3925,c
4054,c
4092,c
4130,c
4267,c
4516,c
4518,c
4573,c
4953,c
4959,c
4994,c
5139,c
5178,c
5542,c
5773,c
6120,c
6189,c
6294,c
6544,c
6635,c
6860,c
7280,c
7341,c
7385,c
7472,c
7626,c
7678,c
7862,c
7882,c
8101,c
8165,c
8212,c
8400,c
8413,c
9098,c
9300,c
9436,c
9507,c
9539,c
9908,c
10147,c
10176,c
10221,c
10234,c
10432,c
10676,c
10796,c
10799,c
10915,c
10988,c
11385,c
11770,c
11990,c
12206,c
12210,c
12234,c
12325,c
12557,c
12688,c
12701,c
12852,c
13036,c
13077,c
13130,c
13318,c
13443,c
13517,c
13546,c
13582,c
13587,c
13606,c
13617,c
13647,c
13982,c
13982,c
14001,c
14052,c
14077,c
14118,c
14362,c
14439,c
14498,c
14539,c
14581,c
14891,c
14893,c
15059,c
15158,c
15240,c
15340,c
15474,c
16090,c
16251,c
16494,c
16557,c
16583,c
16661,c
16888,c
16906,c
17341,c
17445,c
17494,c
17572,c
17621,c
17880,c
18095,c
18095,c
18380,c
18478,c
18546,c
18718,c
18992,c
19146,c
19172,c
19429,c
19532,c
19636,c
19846,c
19989,c
20011,c
20202,c
20227,c
20682,c
20770,c
20828,c
20856,c
21048,c
21392,c
21567,c
21676,c
21757,c
21804,c
21847,c
21923,c
22035,c
22140,c
22204,c
22375,c
22510,c
22643,c
22688,c
23139,c
23321,c
23654,c
24942,c
25730,c
26462,c
26774,c
28567,c
28823,c
29436,c
30072,c
31237,c
31237,c
33871,c
34767,c
36715,c
37431,c
39762,c
40757,c
40989,c
41033,c
43236,c
47820,c
48291,c
56155,c
77503,c
85371,c
85545,c
86688,c
406,d
409,d
573,d
1180,d
1590,d
1982,d
2064,d
2167,d
2200,d
2350,d
2422,d
2521,d
2926,d
3439,d
3496,d
3532,d
3690,d
4250,d
4567,d
4661,d
4791,d
4798,d
5123,d
5406,d
5450,d
5631,d
5739,d
5911,d
5959,d
6353,d
6467,d
6663,d
7209,d
8318,d
8465,d
8624,d
8919,d
8922,d
9324,d
9524,d
10908,d
11260,d
11678,d
12167,d
12299,d
12792,d
12812,d
13061,d
13169,d
13291,d
13817,d
13890,d
14094,d
14126,d
14315,d
14587,d
15514,d
15515,d
16363,d
16492,d
16601,d
16935,d
16986,d
17237,d
17257,d
17270,d
17355,d
17518,d
17800,d
18051,d
18236,d
18422,d
18558,d
18611,d
18974,d
19180,d
20692,d
20971,d
21029,d
21059,d
21654,d
21774,d
22046,d
22325,d
22885,d
22928,d
23196,d
23452,d
29068,d
58595,d
583,e
697,e
724,e
1305,e
1334,e
1608,e
1676,e
1801,e
2054,e
2127,e
2266,e
2544,e
2651,e
2722,e
2826,e
2915,e
3034,e
3140,e
3384,e
3636,e
4074,e
4118,e
4123,e
4473,e
4931,e
5009,e
5473,e
6405,e
6597,e
6745,e
8114,e
8161,e
8195,e
8260,e
8967,e
9650,e
10180,e
10297,e
10437,e
10689,e
10806,e
10898,e
10997,e
11085,e
11113,e
11493,e
11905,e
11927,e
12030,e
12803,e
13408,e
14175,e
14423,e
14672,e
14834,e
15042,e
15204,e
15925,e
16209,e
16434,e
16538,e
16559,e
16850,e
17104,e
17133,e
17153,e
17171,e
17442,e
17638,e
17640,e
17786,e
18101,e
18153,e
18467,e
18552,e
18983,e
19280,e
19618,e
19666,e
21758,e
21989,e
22417,e
22445,e
22639,e
22684,e
23238,e
23326,e
25207,e
26454,e
28420,e
29635,e
33625,e
35610,e
40404,e
65429,e
88348,e
12,f
139,f
211,f
464,f
536,f
559,f
626,f
865,f
1092,f
1221,f
1238,f
1374,f
1989,f
2086,f
2156,f
2240,f
2820,f
3028,f
3096,f
3226,f
3309,f
3489,f
3558,f
3591,f
3598,f
3716,f
3842,f
4278,f
4286,f
4460,f
4474,f
5083,f
5476,f
5619,f
5651,f
5792,f
6289,f
6320,f
6448,f
6451,f
6599,f
6639,f
6680,f
6682,f
6757,f
7405,f
7562,f
7577,f
7594,f
7733,f
8037,f
8136,f
8222,f
8431,f
8517,f
8547,f
8804,f
8948,f
9360,f
9720,f
10061,f
10286,f
10521,f
10655,f
10694,f
10725,f
11191,f
11325,f
11666,f
11683,f
11687,f
11760,f
12221,f
12236,f
12274,f
12341,f
12675,f
12900,f
12972,f
13078,f
13089,f
13156,f
13419,f
13454,f
13758,f
13858,f
14099,f
14251,f
14256,f
14320,f
14368,f
14478,f
14596,f
14763,f
14845,f
15009,f
15470,f
15484,f
15607,f
15801,f
16060,f
16179,f
16203,f
16395,f
16431,f
16452,f
16647,f
16744,f
16759,f
17037,f
17094,f
17202,f
17374,f
17553,f
17982,f
18315,f
18425,f
18618,f
18945,f
18963,f
19092,f
19108,f
19181,f
19278,f
19634,f
19915,f
19938,f
19991,f
20001,f
20070,f
20082,f
20089,f
20169,f
20218,f
20343,f
20446,f
20791,f
20832,f
21372,f
21385,f
21437,f
21577,f
21592,f
21643,f
22121,f
22482,f
22612,f
22616,f
22627,f
22678,f
22895,f
22999,f
23116,f
23343,f
41107,f
45440,f
4,g
30,g
61,g
115,g
118,g
185,g
203,g
261,g
312,g
401,g
665,g
776,g
799,g
814,g
937,g
1069,g
1094,g
1143,g
1175,g
1336,g
1400,g
1587,g
1599,g
1739,g
1744,g
1771,g
1805,g
1838,g
1955,g
1994,g
2298,g
2344,g
2532,g
2543,g
2777,g
2785,g
2827,g
3080,g
3152,g
3228,g
3409,g
3482,g
3525,g
3530,g
3740,g
3741,g
3923,g
3962,g
3990,g
4052,g
4193,g
4313,g
4432,g
4496,g
4534,g
4539,g
4594,g
4760,g
4886,g
4912,g
4933,g
4997,g
5079,g
5153,g
5155,g
5194,g
5209,g
5218,g
5290,g
5326,g
5340,g
5549,g
5594,g
5656,g
5657,g
5698,g
5699,g
5735,g
5791,g
5867,g
6009,g
6039,g
6070,g
6071,g
6105,g
6179,g
6197,g
6204,g
6210,g
6306,g
6333,g
6541,g
6665,g
6673,g
6740,g
6743,g
6747,g
6822,g
6841,g
6924,g
6967,g
7041,g
7139,g
7191,g
7231,g
7409,g
7434,g
7704,g
7861,g
8018,g
8122,g
8193,g
8207,g
8354,g
8382,g
8395,g
8516,g
8562,g
8584,g
8727,g
8771,g
8883,g
9020,g
9198,g
9268,g
9350,g
9357,g
9497,g
9513,g
9589,g
9630,g
9661,g
9936,g
9964,g
9965,g
10004,g
10065,g
10091,g
10100,g
10115,g
10132,g
10184,g
10231,g
10239,g
10242,g
10245,g
10294,g
10295,g
10305,g
10334,g
10449,g
10681,g
10692,g
10783,g
10857,g
10891,g
10920,g
10932,g
11043,g
11144,g
11243,g
11320,g
11344,g
11461,g
11628,g
11717,g
11768,g
11774,g
11884,g
11938,g
11984,g
12033,g
12144,g
12243,g
12258,g
12269,g
12373,g
12375,g
12411,g
12444,g
12462,g
12470,g
12618,g
12638,g
12665,g
12806,g
12816,g
13150,g
13234,g
13333,g
13381,g
13560,g
13599,g
13613,g
13629,g
13649,g
13706,g
13842,g
13962,g
13976,g
14056,g
14083,g
14100,g
14253,g
14261,g
14386,g
14407,g
14416,g
14441,g
14503,g
14504,g
14532,g
14541,g
14547,g
14559,g
14572,g
14632,g
14633,g
14654,g
14662,g
14782,g
14797,g
15070,g
15145,g
15148,g
15151,g
15283,g
15306,g
15407,g
15423,g
15546,g
15654,g
15761,g
15841,g
15888,g
15899,g
16011,g
16061,g
16138,g
16139,g
16269,g
16508,g
16560,g
16582,g
16638,g
16648,g
16698,g
16745,g
16896,g
17123,g
17156,g
17192,g
17196,g
17235,g
17247,g
17453,g
17525,g
17618,g
17816,g
17841,g
17867,g
17900,g
17952,g
17988,g
18054,g
18103,g
18151,g
18160,g
18229,g
18234,g
18256,g
18350,g
18379,g
18386,g
18454,g
18463,g
18480,g
18498,g
18819,g
18888,g
19035,g
19087,g
19201,g
19297,g
19362,g
19431,g
19490,g
19569,g
19607,g
19664,g
19677,g
19685,g
19695,g
19715,g
19781,g
19799,g
19871,g
19927,g
19965,g
20014,g
20046,g
20085,g
20228,g
20300,g
20317,g
20428,g
20438,g
20459,g
20483,g
20537,g
20595,g
20615,g
20703,g
20731,g
20864,g
21039,g
21070,g
21079,g
21106,g
21149,g
21261,g
21486,g
21500,g
21559,g
21722,g
21776,g
21849,g
21880,g
21884,g
21976,g
21999,g
22014,g
22043,g
22125,g
22265,g
22360,g
22442,g
22466,g
22477,g
22480,g
22489,g
22519,g
22574,g
22625,g
22745,g
22749,g
22761,g
22837,g
22884,g
23060,g
23083,g
23153,g
23155,g
23186,g
23253,g
23283,g
23322,g
23413,g
23427,g
23650,g
24282,g
25122,g
25391,g
25787,g
26136,g
26196,g
26532,g
27394,g
28092,g
28460,g
30722,g
31826,g
31877,g
34018,g
34154,g
34347,g
35601,g
35624,g
35762,g
38970,g
42712,g
44317,g
45302,g
48246,g
52353,g
69733,g
388,h
560,h
964,h
1118,h
1360,h
1397,h
1403,h
1486,h
1595,h
1830,h
1940,h
1954,h
2381,h
2428,h
2487,h
2577,h
2695,h
2747,h
2980,h
3086,h
3132,h
3410,h
3422,h
3801,h
3931,h
4470,h
4958,h
4960,h
5118,h
5309,h
5563,h
5630,h
5748,h
5872,h
6074,h
6472,h
6586,h
6629,h
6715,h
6930,h
6957,h
6964,h
7588,h
7719,h
7925,h
8072,h
8108,h
8156,h
8368,h
8484,h
8526,h
8614,h
8736,h
9155,h
9200,h
9229,h
9498,h
9531,h
9562,h
9745,h
9769,h
9830,h
9926,h
9993,h
10105,h
10123,h
10585,h
10853,h
11232,h
11399,h
11539,h
11635,h
11904,h
12044,h
12176,h
12290,h
12426,h
12641,h
12764,h
12801,h
12974,h
13081,h
13111,h
13151,h
13619,h
13791,h
13815,h
13880,h
13986,h
14115,h
14228,h
14509,h
14604,h
15719,h
15755,h
16115,h
16344,h
16458,h
16479,h
16816,h
16904,h
17043,h
17105,h
17404,h
17424,h
17556,h
17762,h
17951,h
18499,h
18504,h
18535,h
18704,h
18788,h
18999,h
19190,h
19273,h
19345,h
19421,h
19684,h
20042,h
20452,h
20508,h
20533,h
20761,h
21168,h
21342,h
21561,h
21749,h
21872,h
21925,h
22177,h
22208,h
22369,h
22410,h
22987,h
23047,h
23302,h
23325,h
23501,h
24807,h
24807,h
24998,h
31406,h
31815,h
33138,h
34967,h
38819,h
43294,h
46066,h
49793,h
53981,h
56722,h
89645,h
231,i
449,i
461,i
506,i
592,i
637,i
677,i
819,i
949,i
951,i
1047,i
1049,i
1141,i
1160,i
1211,i
1220,i
1245,i
1255,i
1445,i
1502,i
1684,i
1733,i
1766,i
1789,i
1863,i
1907,i
1919,i
2052,i
2421,i
2435,i
2453,i
2509,i
2642,i
2834,i
2938,i
2952,i
2982,i
3044,i
3139,i
3146,i
3264,i
3518,i
3552,i
3570,i
3578,i
3829,i
4010,i
4152,i
4259,i
4371,i
4376,i
4441,i
4543,i
4619,i
4666,i
4673,i
4736,i
4851,i
5215,i
5237,i
5256,i
5462,i
5569,i
5800,i
5939,i
6035,i
6046,i
6167,i
6243,i
6303,i
6532,i
6912,i
6922,i
7058,i
7108,i
7272,i
7273,i
7281,i
7431,i
7540,i
7611,i
7838,i
7844,i
7963,i
8258,i
8372,i
8424,i
8459,i
8480,i
8486,i
8509,i
8537,i
8615,i
8670,i
8782,i
8809,i
9061,i
9078,i
9212,i
9651,i
9655,i
9822,i
9835,i
10117,i
10214,i
10662,i
10956,i
10973,i
11139,i
11170,i
11197,i
11298,i
11531,i
11551,i
11727,i
11741,i
12293,i
12366,i
12388,i
12480,i
12486,i
12559,i
12628,i
12686,i
12754,i
12987,i
13178,i
13181,i
13237,i
13528,i
13696,i
13876,i
13937,i
13997,i
14224,i
14345,i
14358,i
14391,i
14448,i
14508,i
14511,i
14640,i
14701,i
14749,i
14832,i
15212,i
15315,i
15334,i
15390,i
15649,i
15700,i
16169,i
16655,i
16864,i
17198,i
17280,i
17310,i
17373,i
17476,i
17534,i
17590,i
17758,i
17780,i
17790,i
17828,i
17897,i
18104,i
18136,i
18429,i
18663,i
18705,i
18713,i
18716,i
18782,i
18811,i
19095,i
19154,i
19171,i
19213,i
19246,i
19401,i
19487,i
19602,i
19816,i
19825,i
19842,i
19863,i
19879,i
19950,i
20038,i
20065,i
20109,i
20357,i
20368,i
20394,i
20413,i
20488,i
20628,i
20644,i
20664,i
20714,i
20845,i
20860,i
20897,i
21088,i
21293,i
21435,i
21519,i
21801,i
21834,i
21910,i
22237,i
22275,i
22446,i
22456,i
22494,i
22663,i
22711,i
22925,i
22937,i
23052,i
23078,i
23102,i
23118,i
23319,i
23324,i
23510,i
23532,i
23571,i
27717,i
35911,i
55587,i
66,j
130,j
181,j
346,j
557,j
924,j
940,j
978,j
1229,j
1348,j
1351,j
1514,j
1808,j
1894,j
1976,j
2147,j
2309,j
2397,j
2580,j
2584,j
2805,j
2991,j
3216,j
3257,j
3277,j
3565,j
3694,j
3865,j
4039,j
4143,j
4146,j
4182,j
4343,j
4424,j
4576,j
4818,j
4938,j
5040,j
5102,j
5163,j
5288,j
5373,j
5785,j
6141,j
6141,j
6142,j
6579,j
6688,j
6850,j
7332,j
7349,j
7373,j
7620,j
7996,j
8229,j
8585,j
8687,j
8716,j
8821,j
8898,j
8959,j
9468,j
9682,j
10393,j
10889,j
11192,j
11917,j
11980,j
12711,j
12808,j
13016,j
13256,j
13444,j
13761,j
13814,j
14270,j
14328,j
14367,j
14397,j
14438,j
14535,j
14627,j
14722,j
14755,j
14888,j
15253,j
15311,j
15795,j
15878,j
15950,j
16391,j
16399,j
16471,j
17151,j
17289,j
17420,j
17670,j
17715,j
17804,j
17837,j
17866,j
17879,j
17964,j
18067,j
18144,j
18302,j
18461,j
18724,j
18771,j
18908,j
18928,j
18962,j
19168,j
19233,j
19234,j
19361,j
19794,j
20561,j
20931,j
21080,j
21147,j
21307,j
21501,j
21505,j
21538,j
21568,j
21581,j
21622,j
21634,j
21752,j
21759,j
21820,j
21841,j
21912,j
21954,j
22146,j
22234,j
22411,j
22425,j
22576,j
22672,j
22717,j
22816,j
22838,j
23337,j
23337,j
23563,j
26828,j
29439,j
29881,j
30333,j
30709,j
38676,j
43965,j
62254,j
83887,j
88320,j
145,k
270,k
1975,k
2181,k
2245,k
2746,k
3195,k
5174,k
5212,k
5213,k
5687,k
5804,k
5849,k
6114,k
6630,k
6758,k
7395,k
7623,k
7656,k
7780,k
7796,k
7806,k
8034,k
8543,k
8591,k
8597,k
8798,k
8986,k
9351,k
10045,k
10777,k
11334,k
11421,k
11753,k
11827,k
12140,k
12578,k
12580,k
12612,k
14201,k
14899,k
14902,k
15225,k
15734,k
16319,k
16844,k
16867,k
17440,k
17994,k
18063,k
18365,k
18484,k
19008,k
19013,k
19173,k
19359,k
19936,k
20285,k
20386,k
21004,k
21579,k
21859,k
21965,k
22476,k
22509,k
22697,k
22823,k
23117,k
23178,k
23266,k
23462,k
23547,k
23642,k
26622,k
28042,k
28627,k
32150,k
33080,k
34045,k
35843,k
38486,k
47815,k
49566,k
50309,k
54543,k
56016,k
59061,k
61323,k
74579,k
74865,k
76143,k
77911,k
86505,k
68,l
364,l
1203,l
1559,l
1593,l
1709,l
1796,l
2342,l
2443,l
2608,l
2629,l
2791,l
3123,l
3459,l
3576,l
3732,l
4287,l
5391,l
5508,l
5560,l
5576,l
6125,l
6275,l
6477,l
6614,l
6903,l
6931,l
7097,l
7152,l
7216,l
7613,l
7672,l
7995,l
8003,l
8055,l
8238,l
9101,l
9408,l
9446,l
9469,l
9609,l
9628,l
9680,l
9714,l
9771,l
10535,l
10626,l
10924,l
11003,l
11026,l
11162,l
11180,l
11195,l
11454,l
11732,l
11807,l
12000,l
12975,l
13167,l
13689,l
13726,l
14274,l
14528,l
14616,l
14813,l
15230,l
15392,l
15501,l
16254,l
16420,l
16575,l
16889,l
17114,l
17135,l
17990,l
18029,l
18149,l
18804,l
19485,l
19776,l
19998,l
20144,l
20261,l
20617,l
21068,l
21152,l
21494,l
22094,l
22336,l
22680,l
23294,l
23524,l
24604,l
25280,l
27421,l
27670,l
29400,l
31232,l
35917,l
38002,l
43083,l
43169,l
440,m
482,m
961,m
1528,m
2010,m
2115,m
3003,m
3060,m
3247,m
3421,m
4159,m
4332,m
4481,m
5575,m
6027,m
6111,m
6270,m
6279,m
6284,m
6578,m
7183,m
7185,m
7265,m
7450,m
7686,m
7954,m
9327,m
9336,m
9445,m
9641,m
9980,m
10020,m
10205,m
10238,m
10434,m
10794,m
10832,m
10903,m
11295,m
11542,m
11911,m
12153,m
12703,m
13019,m
13070,m
13192,m
13259,m
13264,m
13401,m
13650,m
13676,m
13894,m
14630,m
14920,m
15901,m
16122,m
17875,m
18097,m
18268,m
18474,m
18743,m
18925,m
19118,m
19203,m
19339,m
19404,m
19648,m
19661,m
19688,m
19964,m
20871,m
20946,m
20983,m
21041,m
21144,m
21405,m
21963,m
22167,m
22215,m
22216,m
22248,m
22970,m
23448,m
24088,m
24693,m
25139,m
28372,m
28376,m
29414,m
29589,m
29979,m
30526,m
34615,m
34731,m
37524,m
37961,m
38213,m
40853,m
42251,m
42289,m
43259,m
54514,m
57959,m
59055,m
63318,m
69454,m
47,n
428,n
678,n
711,n
717,n
1511,n
1576,n
1621,n
1848,n
1867,n
1869,n
1906,n
1911,n
1918,n
2090,n
2105,n
2198,n
2823,n
2902,n
2966,n
3220,n
3318,n
4602,n
4902,n
5199,n
5216,n
5336,n
5355,n
5643,n
5734,n
6118,n
6208,n
6295,n
6468,n
6585,n
6650,n
6955,n
7023,n
7255,n
7413,n
7419,n
7709,n
8099,n
8143,n
8162,n
8276,n
8331,n
8646,n
8868,n
9083,n
9463,n
9671,n
9795,n
9898,n
9950,n
10072,n
10149,n
10227,n
10330,n
10597,n
10782,n
10827,n
11124,n
11235,n
11235,n
11758,n
11808,n
12041,n
12068,n
12192,n
12795,n
12829,n
12993,n
13202,n
13380,n
13748,n
13865,n
14698,n
14772,n
15071,n
15685,n
15788,n
15832,n
16253,n
16295,n
16429,n
16579,n
16673,n
16756,n
16758,n
17122,n
17318,n
17444,n
17559,n
17781,n
17797,n
17929,n
17995,n
18821,n
18978,n
19002,n
19002,n
19089,n
19138,n
19207,n
19226,n
19405,n
19565,n
19747,n
19952,n
19957,n
20087,n
20171,n
20878,n
21267,n
21513,n
21646,n
21842,n
21982,n
22440,n
22716,n
22719,n
22828,n
22865,n
23132,n
23260,n
23474,n
29590,n
42179,n
49694,n
70213,n
18,o
73,o
136,o
648,o
1051,o
1341,o
1880,o
1881,o
1963,o
2284,o
2644,o
2797,o
3107,o
3109,o
3433,o
3440,o
4215,o
4252,o
4398,o
4622,o
5019,o
5061,o
5511,o
5729,o
5941,o
6948,o
7495,o
7735,o
7948,o
8178,o
8559,o
8575,o
8886,o
8964,o
9127,o
9181,o
9489,o
9547,o
9649,o
9940,o
10075,o
10198,o
10333,o
10343,o
10463,o
10579,o
10881,o
10893,o
11042,o
11152,o
11239,o
11304,o
11313,o
11322,o
11684,o
11767,o
12939,o
13848,o
14540,o
14634,o
14689,o
14987,o
15060,o
15171,o
15609,o
16159,o
16231,o
16448,o
16902,o
16968,o
17163,o
17276,o
17306,o
17776,o
18351,o
18626,o
18755,o
19372,o
19873,o
20090,o
20623,o
20951,o
21465,o
21492,o
21896,o
21942,o
21959,o
22151,o
22976,o
23259,o
23608,o
25214,o
28100,o
29713,o
32195,o
35401,o
35600,o
43653,o
46856,o
49903,o
88055,o
736,p
841,p
1135,p
1304,p
1343,p
1394,p
1408,p
1414,p
1872,p
1934,p
2249,p
2367,p
3025,p
3068,p
3099,p
3361,p
3429,p
3543,p
3567,p
3574,p
3695,p
4175,p
4188,p
4271,p
4277,p
4450,p
4909,p
4990,p
5093,p
5567,p
5799,p
6033,p
6036,p
6304,p
6336,p
6360,p
6476,p
6566,p
6766,p
6913,p
7294,p
7321,p
7552,p
8467,p
8830,p
9222,p
9303,p
9399,p
9494,p
9517,p
11031,p
11048,p
11339,p
11361,p
11442,p
11822,p
11883,p
11993,p
12090,p
12309,p
12353,p
12415,p
12666,p
12729,p
13280,p
13632,p
13855,p
14295,p
14456,p
14477,p
14611,p
14877,p
15085,p
15150,p
15281,p
15448,p
15677,p
15962,p
16114,p
17345,p
17411,p
17457,p
17663,p
18000,p
18165,p
18430,p
18637,p
18786,p
19215,p
19235,p
19326,p
19519,p
19755,p
19944,p
20113,p
20293,p
20707,p
21964,p
22001,p
22488,p
22812,p
22869,p
22979,p
23091,p
23410,p
24094,p
24594,p
24943,p
25870,p
28166,p
30713,p
34165,p
35498,p
35733,p
37375,p
37805,p
40584,p
47582,p
52542,p
65734,p
69331,p
70308,p
76605,p
39,q
98,q
159,q
215,q
465,q
683,q
753,q
826,q
930,q
1406,q
1561,q
1799,q
2092,q
2116,q
2149,q
2292,q
2299,q
2343,q
2670,q
3141,q
3397,q
3445,q
3691,q
3847,q
3959,q
4057,q
4452,q
4560,q
4724,q
4795,q
4797,q
4844,q
4845,q
5482,q
5742,q
5855,q
6043,q
6229,q
6427,q
6542,q
6753,q
6764,q
7068,q
7314,q
7378,q
7500,q
7644,q
7946,q
8000,q
8141,q
8604,q
8721,q
8737,q
8873,q
9262,q
9984,q
10264,q
10508,q
10633,q
10922,q
11367,q
11606,q
11893,q
12250,q
12425,q
12694,q
12936,q
13000,q
13379,q
13510,q
13688,q
13823,q
13935,q
13980,q
14149,q
14237,q
14522,q
14591,q
14692,q
14756,q
14766,q
14808,q
14820,q
14859,q
14957,q
15250,q
15469,q
15517,q
15534,q
15682,q
15800,q
15853,q
16018,q
16229,q
16398,q
16728,q
16923,q
16998,q
17325,q
17707,q
17820,q
17939,q
18057,q
18169,q
18295,q
18359,q
18436,q
18955,q
19110,q
19632,q
19687,q
19713,q
19864,q
19956,q
20205,q
20471,q
20825,q
20837,q
20920,q
20923,q
20974,q
21019,q
21282,q
21459,q
21508,q
21517,q
21525,q
21751,q
21763,q
21796,q
21895,q
22017,q
22556,q
22700,q
22992,q
23344,q
24859,q
25422,q
26857,q
30425,q
35954,q
57562,q
60491,q
274,r
1217,r
2039,r
2418,r
2554,r
5029,r
6128,r
6583,r
6959,r
6989,r
8514,r
8855,r
10684,r
10740,r
11646,r
11780,r
12484,r
12589,r
12985,r
13400,r
13834,r
14313,r
14340,r
14520,r
15075,r
15116,r
15979,r
18649,r
19430,r
19577,r
19885,r
19909,r
20491,r
21413,r
21540,r
23274,r
23305,r
23439,r
26526,r
26574,r
44737,r
823,s
1598,s
1632,s
2174,s
2203,s
2365,s
2667,s
2860,s
3057,s
3142,s
3327,s
3431,s
3491,s
3577,s
4027,s
4935,s
4941,s
5942,s
6015,s
6207,s
6591,s
7192,s
7247,s
7354,s
7525,s
7784,s
8420,s
8582,s
8743,s
8949,s
9117,s
9264,s
10312,s
10831,s
10976,s
11078,s
11263,s
11504,s
12978,s
13227,s
13887,s
14246,s
14680,s
14716,s
14757,s
15012,s
15118,s
15364,s
15971,s
16503,s
16856,s
17102,s
17162,s
17441,s
17602,s
17845,s
17937,s
17938,s
18120,s
18191,s
18348,s
18444,s
18739,s
18871,s
19537,s
19780,s
20258,s
20348,s
20557,s
21366,s
21463,s
21706,s
21855,s
22471,s
22579,s
22763,s
22860,s
23084,s
23335,s
27834,s
28821,s
29596,s
30950,s
31380,s
36062,s
64347,s
79026,s
5,t
16,t
42,t
51,t
77,t
97,t
141,t
144,t
150,t
156,t
165,t
173,t
245,t
288,t
308,t
309,t
310,t
318,t
324,t
333,t
340,t
365,t
400,t
404,t
407,t
448,t
454,t
462,t
468,t
521,t
534,t
572,t
586,t
599,t
617,t
621,t
634,t
640,t
701,t
720,t
733,t
737,t
747,t
763,t
800,t
838,t
845,t
851,t
941,t
943,t
969,t
972,t
983,t
986,t
990,t
998,t
1020,t
1062,t
1080,t
1082,t
1083,t
1095,t
1099,t
1104,t
1115,t
1116,t
1151,t
1159,t
1164,t
1168,t
1169,t
1208,t
1222,t
1268,t
1275,t
1276,t
1321,t
1324,t
1325,t
1352,t
1365,t
1395,t
1411,t
1440,t
1447,t
1487,t
1504,t
1521,t
1529,t
1535,t
1546,t
1553,t
1560,t
1606,t
1616,t
1637,t
1665,t
1667,t
1672,t
1703,t
1752,t
1765,t
1780,t
1803,t
1807,t
1818,t
1818,t
1822,t
1856,t
1859,t
1879,t
1890,t
1893,t
1901,t
1908,t
1944,t
1956,t
1960,t
1996,t
1997,t
2016,t
2016,t
2024,t
2047,t
2053,t
2060,t
2065,t
2190,t
2223,t
2243,t
2261,t
2269,t
2270,t
2280,t
2308,t
2311,t
2314,t
2324,t
2366,t
2370,t
2371,t
2394,t
2408,t
2417,t
2434,t
2448,t
2456,t
2459,t
2495,t
2520,t
2537,t
2601,t
2675,t
2682,t
2714,t
2727,t
2756,t
2766,t
2778,t
2786,t
2792,t
2803,t
2809,t
2812,t
2817,t
2832,t
2884,t
2896,t
2907,t
2912,t
2917,t
2948,t
2994,t
3012,t
3043,t
3090,t
3126,t
3134,t
3155,t
3177,t
3181,t
3183,t
3194,t
3196,t
3232,t
3236,t
3251,t
3256,t
3274,t
3284,t
3294,t
3295,t
3334,t
3350,t
3354,t
3390,t
3396,t
3405,t
3417,t
3441,t
3456,t
3457,t
3493,t
3509,t
3509,t
3519,t
3534,t
3553,t
3564,t
3583,t
3589,t
3594,t
3616,t
3642,t
3673,t
3714,t
3738,t
3757,t
3787,t
3794,t
3811,t
3823,t
3854,t
3866,t
3867,t
3871,t
3895,t
3936,t
3941,t
3949,t
3965,t
3966,t
3974,t
4014,t
4020,t
4021,t
4051,t
4087,t
4120,t
4172,t
4176,t
4200,t
4214,t
4274,t
4284,t
4315,t
4317,t
4324,t
4329,t
4335,t
4365,t
4368,t
4369,t
4370,t
4379,t
4396,t
4416,t
4422,t
4427,t
4437,t
4440,t
4461,t
4462,t
4472,t
4493,t
4502,t
4517,t
4525,t
4526,t
4531,t
4553,t
4559,t
4596,t
4601,t
4614,t
4620,t
4627,t
4637,t
4660,t
4674,t
4684,t
4687,t
4714,t
4772,t
4774,t
4786,t
4816,t
4824,t
4862,t
4882,t
4890,t
4896,t
4911,t
4948,t
4981,t
4983,t
5010,t
5024,t
5071,t
5088,t
5097,t
5137,t
5141,t
5147,t
5164,t
5195,t
5257,t
5258,t
5260,t
5279,t
5325,t
5333,t
5359,t
5376,t
5384,t
5385,t
5405,t
5413,t
5439,t
5487,t
5488,t
5498,t
5509,t
5531,t
5581,t
5581,t
5635,t
5705,t
5744,t
5780,t
5794,t
5817,t
5831,t
5917,t
5944,t
5979,t
5983,t
5991,t
6001,t
6013,t
6044,t
6069,t
6088,t
6115,t
6131,t
6160,t
6163,t
6191,t
6217,t
6222,t
6255,t
6263,t
6317,t
6330,t
6369,t
6398,t
6410,t
6462,t
6494,t
6513,t
6514,t
6522,t
6523,t
6528,t
6539,t
6543,t
6572,t
6595,t
6605,t
6617,t
6619,t
6620,t
6678,t
6704,t
6735,t
6776,t
6780,t
6781,t
6786,t
6835,t
6837,t
6865,t
6892,t
6908,t
6909,t
6917,t
6920,t
6929,t
6939,t
6949,t
6972,t
6977,t
6984,t
6993,t
6997,t
7040,t
7045,t
7072,t
7088,t
7118,t
7122,t
7140,t
7144,t
7157,t
7167,t
7178,t
7186,t
7194,t
7197,t
7252,t
7261,t
7276,t
7288,t
7412,t
7430,t
7433,t
7514,t
7517,t
7518,t
7543,t
7551,t
7563,t
7575,t
7578,t
7591,t
7617,t
7630,t
7649,t
7694,t
7707,t
7715,t
7726,t
7737,t
7774,t
7791,t
7817,t
7832,t
7837,t
7846,t
7852,t
7863,t
7868,t
7871,t
7872,t
7875,t
7886,t
7892,t
7896,t
7903,t
7904,t
7913,t
7919,t
7923,t
7929,t
7933,t
7957,t
7971,t
7973,t
7974,t
8045,t
8045,t
8052,t
8057,t
8100,t
8104,t
8112,t
8133,t
8149,t
8168,t
8183,t
8192,t
8203,t
8210,t
8211,t
8216,t
8231,t
8259,t
8269,t
8270,t
8277,t
8279,t
8351,t
8361,t
8381,t
8391,t
8438,t
8454,t
8462,t
8478,t
8523,t
8589,t
8610,t
8617,t
8645,t
8649,t
8653,t
8675,t
8685,t
8695,t
8704,t
8708,t
8752,t
8764,t
8770,t
8778,t
8800,t
8803,t
8828,t
8846,t
8853,t
8874,t
8879,t
8902,t
8904,t
8951,t
8957,t
8961,t
8970,t
8984,t
8995,t
9014,t
9021,t
9036,t
9060,t
9089,t
9091,t
9092,t
9103,t
9109,t
9115,t
9166,t
9171,t
9193,t
9252,t
9293,t
9317,t
9338,t
9363,t
9372,t
9405,t
9434,t
9453,t
9500,t
9501,t
9545,t
9557,t
9560,t
9565,t
9587,t
9601,t
9627,t
9643,t
9653,t
9685,t
9692,t
9706,t
9712,t
9742,t
9744,t
9765,t
9775,t
9777,t
9781,t
9794,t
9798,t
9799,t
9814,t
9905,t
9954,t
9959,t
10021,t
10095,t
10097,t
10097,t
10163,t
10196,t
10210,t
10225,t
10226,t
10377,t
10403,t
10433,t
10444,t
10445,t
10448,t
10484,t
10489,t
10505,t
10525,t
10570,t
10628,t
10695,t
10742,t
10802,t
10812,t
10837,t
10861,t
10868,t
10917,t
10927,t
10930,t
11016,t
11052,t
11065,t
11075,t
11080,t
11082,t
11109,t
11110,t
11112,t
11122,t
11145,t
11177,t
11200,t
11202,t
11248,t
11255,t
11271,t
11332,t
11333,t
11373,t
11384,t
11410,t
11418,t
11451,t
11464,t
11503,t
11514,t
11527,t
11540,t
11555,t
11560,t
11598,t
11617,t
11634,t
11645,t
11663,t
11674,t
11695,t
11698,t
11733,t
11735,t
11748,t
11769,t
11799,t
11814,t
11823,t
11836,t
11855,t
11866,t
11869,t
11877,t
11926,t
11928,t
11931,t
11948,t
11951,t
11954,t
11983,t
11985,t
12020,t
12039,t
12047,t
12079,t
12109,t
12115,t
12122,t
12123,t
12161,t
12212,t
12230,t
12262,t
12264,t
12338,t
12350,t
12362,t
12387,t
12410,t
12434,t
12442,t
12448,t
12503,t
12520,t
12524,t
12547,t
12565,t
12566,t
12570,t
12572,t
12579,t
12598,t
12614,t
12622,t
12680,t
12722,t
12739,t
12743,t
12779,t
12786,t
12807,t
12817,t
12822,t
12828,t
12833,t
12873,t
12880,t
12901,t
12932,t
12940,t
12957,t
12967,t
12980,t
12988,t
13021,t
13028,t
13064,t
13067,t
13076,t
13109,t
13128,t
13206,t
13212,t
13213,t
13221,t
13236,t
13240,t
13243,t
13251,t
13282,t
13290,t
13306,t
13307,t
13322,t
13328,t
13383,t
13441,t
13458,t
13463,t
13495,t
13524,t
13535,t
13538,t
13564,t
13567,t
13578,t
13595,t
13598,t
13614,t
13665,t
13692,t
13698,t
13731,t
13743,t
13792,t
13807,t
13811,t
13826,t
13884,t
13936,t
13975,t
13989,t
14003,t
14006,t
14009,t
14044,t
14060,t
14076,t
14087,t
14114,t
14143,t
14169,t
14180,t
14185,t
14198,t
14212,t
14213,t
14226,t
14264,t
14280,t
14283,t
14304,t
14331,t
14333,t
14355,t
14359,t
14377,t
14393,t
14400,t
14422,t
14495,t
14514,t
14530,t
14549,t
14550,t
14573,t
14586,t
14599,t
14608,t
14652,t
14660,t
14674,t
14702,t
14709,t
14715,t
14717,t
14740,t
14743,t
14754,t
14773,t
14785,t
14792,t
14824,t
14844,t
14874,t
14875,t
14894,t
14904,t
14921,t
14990,t
15000,t
15007,t
15061,t
15072,t
15079,t
15108,t
15126,t
15137,t
15143,t
15196,t
15202,t
15241,t
15300,t
15305,t
15321,t
15344,t
15371,t
15385,t
15401,t
15410,t
15463,t
15463,t
15475,t
15479,t
15508,t
15526,t
15554,t
15563,t
15577,t
15603,t
15610,t
15627,t
15629,t
15633,t
15660,t
15672,t
15675,t
15733,t
15775,t
15814,t
15816,t
15849,t
15857,t
15860,t
15869,t
15872,t
15877,t
15887,t
15952,t
15965,t
15975,t
15987,t
16001,t
16003,t
16012,t
16013,t
16023,t
16029,t
16050,t
16058,t
16144,t
16150,t
16177,t
16193,t
16200,t
16265,t
16278,t
16286,t
16298,t
16317,t
16346,t
16349,t
16381,t
16397,t
16400,t
16425,t
16436,t
16470,t
16530,t
16537,t
16539,t
16554,t
16569,t
16573,t
16592,t
16603,t
16623,t
16631,t
16653,t
16659,t
16684,t
16715,t
16726,t
16760,t
16778,t
16781,t
16792,t
16798,t
16806,t
16824,t
16828,t
16857,t
16893,t
16900,t
16907,t
16927,t
16962,t
17003,t
17007,t
17027,t
17030,t
17058,t
17059,t
17072,t
17075,t
17080,t
17093,t
17126,t
17159,t
17179,t
17197,t
17214,t
17322,t
17326,t
17364,t
17395,t
17398,t
17435,t
17447,t
17450,t
17455,t
17460,t
17462,t
17470,t
17475,t
17484,t
17489,t
17543,t
17550,t
17555,t
17579,t
17614,t
17631,t
17635,t
17740,t
17806,t
17836,t
17885,t
17889,t
17898,t
17932,t
17955,t
17984,t
18010,t
18024,t
18042,t
18044,t
18064,t
18073,t
18111,t
18123,t
18124,t
18143,t
18150,t
18198,t
18232,t
18238,t
18244,t
18246,t
18252,t
18260,t
18265,t
18277,t
18286,t
18309,t
18352,t
18356,t
18389,t
18390,t
18393,t
18476,t
18479,t
18503,t
18521,t
18540,t
18541,t
18547,t
18554,t
18568,t
18569,t
18597,t
18599,t
18620,t
18634,t
18654,t
18670,t
18687,t
18701,t
18721,t
18727,t
18730,t
18742,t
18761,t
18813,t
18814,t
18831,t
18832,t
18870,t
18877,t
18892,t
18905,t
18927,t
18930,t
18941,t
18994,t
19011,t
19015,t
19030,t
19052,t
19062,t
19065,t
19066,t
19086,t
19112,t
19131,t
19139,t
19192,t
19200,t
19283,t
19309,t
19346,t
19366,t
19382,t
19383,t
19385,t
19393,t
19403,t
19410,t
19418,t
19419,t
19420,t
19476,t
19477,t
19534,t
19567,t
19570,t
19576,t
19585,t
19590,t
19626,t
19646,t
19674,t
19712,t
19737,t
19777,t
19792,t
19801,t
19822,t
19870,t
19872,t
19880,t
19923,t
19948,t
19967,t
19978,t
20010,t
20033,t
20073,t
20074,t
20084,t
20174,t
20215,t
20221,t
20223,t
20269,t
20271,t
20276,t
20281,t
20315,t
20321,t
20336,t
20374,t
20389,t
20406,t
20448,t
20479,t
20482,t
20493,t
20495,t
20507,t
20514,t
20542,t
20552,t
20554,t
20562,t
20564,t
20566,t
20569,t
20574,t
20575,t
20576,t
20585,t
20587,t
20603,t
20610,t
20630,t
20632,t
20636,t
20637,t
20638,t
20674,t
20706,t
20724,t
20737,t
20739,t
20748,t
20786,t
20798,t
20812,t
20830,t
20833,t
20836,t
20855,t
20881,t
20900,t
20902,t
20924,t
20979,t
21005,t
21026,t
21040,t
21054,t
21071,t
21098,t
21114,t
21136,t
21140,t
21148,t
21159,t
21198,t
21201,t
21243,t
21246,t
21274,t
21277,t
21278,t
21314,t
21318,t
21324,t
21349,t
21362,t
21408,t
21411,t
21457,t
21461,t
21477,t
21478,t
21507,t
21521,t
21527,t
21596,t
21599,t
21630,t
21674,t
21678,t
21692,t
21723,t
21764,t
21772,t
21795,t
21800,t
21814,t
21845,t
21846,t
21860,t
21862,t
21915,t
21928,t
21933,t
21946,t
21968,t
22011,t
22034,t
22040,t
22056,t
22057,t
22062,t
22085,t
22088,t
22096,t
22116,t
22152,t
22160,t
22161,t
22184,t
22186,t
22225,t
22227,t
22236,t
22274,t
22278,t
22299,t
22324,t
22350,t
22372,t
22373,t
22385,t
22407,t
22421,t
22448,t
22483,t
22502,t
22522,t
22551,t
22567,t
22571,t
22577,t
22635,t
22667,t
22686,t
22709,t
22715,t
22726,t
22822,t
22824,t
22848,t
22861,t
22870,t
22878,t
22892,t
22894,t
22941,t
22966,t
22978,t
22986,t
22996,t
23010,t
23012,t
23029,t
23042,t
23077,t
23121,t
23125,t
23128,t
23160,t
23164,t
23168,t
23177,t
23182,t
23187,t
23195,t
23204,t
23249,t
23280,t
23304,t
23330,t
23419,t
23433,t
23444,t
23473,t
23481,t
23493,t
23517,t
23543,t
23599,t
23601,t
23603,t
23607,t
23729,t
23837,t
23863,t
24028,t
24056,t
24162,t
24467,t
24481,t
24554,t
24674,t
24733,t
24747,t
24754,t
24798,t
24941,t
25125,t
25494,t
25557,t
25630,t
25632,t
25655,t
25724,t
25758,t
26069,t
26167,t
26259,t
26337,t
26361,t
26469,t
26479,t
26508,t
26573,t
26578,t
26627,t
26652,t
26722,t
26758,t
26987,t
27023,t
27171,t
27220,t
27226,t
27441,t
27604,t
27617,t
27745,t
27869,t
27885,t
28028,t
28069,t
28128,t
28338,t
28403,t
28443,t
28486,t
28596,t
28658,t
28715,t
28748,t
28756,t
28839,t
28941,t
28966,t
29086,t
29106,t
29157,t
29168,t
29437,t
29620,t
29666,t
29707,t
29769,t
29910,t
30052,t
30109,t
30298,t
30402,t
30462,t
30534,t
30590,t
30632,t
30644,t
30673,t
30698,t
30714,t
30790,t
30797,t
30829,t
30877,t
30916,t
31146,t
31206,t
31500,t
31504,t
31758,t
31918,t
32000,t
32115,t
32174,t
32176,t
32187,t
32349,t
32524,t
32606,t
32626,t
32650,t
32842,t
32938,t
33083,t
33094,t
33400,t
33457,t
33463,t
33611,t
33632,t
33659,t
33845,t
33855,t
34052,t
34201,t
34524,t
34580,t
34641,t
34913,t
34953,t
35060,t
35063,t
35126,t
35161,t
35206,t
35220,t
35242,t
35316,t
35525,t
35552,t
35683,t
35879,t
35970,t
35977,t
35995,t
36123,t
36156,t
36273,t
36277,t
36321,t
36388,t
36439,t
36550,t
36651,t
36835,t
37056,t
37089,t
37107,t
37164,t
37256,t
37266,t
37305,t
37327,t
37439,t
37618,t
37683,t
37696,t
37853,t
38018,t
38074,t
38263,t
38284,t
38317,t
38563,t
38617,t
38921,t
39116,t
39179,t
39269,t
39503,t
39566,t
40246,t
40384,t
40687,t
40715,t
40719,t
40743,t
40995,t
41042,t
41116,t
41851,t
41898,t
41994,t
42049,t
42421,t
42629,t
42718,t
42847,t
43678,t
43816,t
43973,t
44559,t
45348,t
45839,t
46607,t
47067,t
47118,t
47345,t
47611,t
47661,t
47790,t
48182,t
48952,t
48962,t
48990,t
49007,t
49056,t
49909,t
50558,t
50612,t
52220,t
53726,t
54508,t
55446,t
55466,t
55965,t
56469,t
57668,t
58001,t
58132,t
58518,t
58924,t
59470,t
59827,t
60143,t
60898,t
61162,t
61162,t
62237,t
62297,t
62765,t
63652,t
63749,t
64467,t
64907,t
65489,t
65489,t
65648,t
65849,t
66327,t
66377,t
66446,t
66745,t
67514,t
67642,t
67741,t
68114,t
68477,t
69362,t
69581,t
70876,t
71928,t
72934,t
72935,t
73311,t
73528,t
74980,t
76657,t
76851,t
78019,t
78602,t
79113,t
79805,t
80727,t
81180,t
81579,t
82448,t
83108,t
84096,t
85296,t
87528,t
87829,t
88156,t
88914,t
90743,t
91352,t
